"","link","influence","cumsum","rank","color","run","MG","H","model","simname"
"d2.c1","d2.c1",0.373725613315361,100,84,"red","Spring","C10","1","null","H1.sim.null"
"c3.c3","c3.c3",0.402845408254478,99.63,83,"pink","Spring","C10","1","null","H1.sim.null"
"b1.b1","b1.b1",0.40340071433851,99.22,82,"pink","Spring","C10","1","null","H1.sim.null"
"c1.d2","c1.d2",0.425556855444854,98.82,81,"pink","Spring","C10","1","null","H1.sim.null"
"b3.e3","b3.e3",0.426488298677036,98.39,80,"green","Spring","C10","1","null","H1.sim.null"
"NCCspr.NCCspr","NCCspr.NCCspr",0.431252947034616,97.97,79,"pink","Spring","C10","1","null","H1.sim.null"
"a3.b3","a3.b3",0.445837088956722,97.54,78,"black","Spring","C10","1","null","H1.sim.null"
"d2.f2","d2.f2",0.449455428643324,97.09,77,"red","Spring","C10","1","null","H1.sim.null"
"c1.b2","c1.b2",0.455611205655019,96.64,76,"pink","Spring","C10","1","null","H1.sim.null"
"c1.f2","c1.f2",0.461104337255953,96.19,75,"pink","Spring","C10","1","null","H1.sim.null"
"c1.f1","c1.f1",0.463240526126708,95.72,74,"pink","Spring","C10","1","null","H1.sim.null"
"c3.b3","c3.b3",0.474581242744291,95.26,73,"pink","Spring","C10","1","null","H1.sim.null"
"b2.c3","b2.c3",0.503025272413608,94.79,72,"pink","Spring","C10","1","null","H1.sim.null"
"d2.f3","d2.f3",0.522706746986034,94.28,71,"red","Spring","C10","1","null","H1.sim.null"
"g1.d2","g1.d2",0.529366650408237,93.76,70,"red","Spring","C10","1","null","H1.sim.null"
"a3.a3","a3.a3",0.531873483602257,93.23,69,"black","Spring","C10","1","null","H1.sim.null"
"c1.b3","c1.b3",0.548391618868319,92.7,68,"pink","Spring","C10","1","null","H1.sim.null"
"NCCfall.g3","NCCfall.g3",0.555801380201861,92.15,67,"pink","Spring","C10","1","null","H1.sim.null"
"d2.c3","d2.c3",0.561816445463752,91.6,66,"red","Spring","C10","1","null","H1.sim.null"
"d1.f1","d1.f1",0.563629874503727,91.03,65,"red","Spring","C10","1","null","H1.sim.null"
"NCCspr.g1","NCCspr.g1",0.567185123321189,90.47,64,"pink","Spring","C10","1","null","H1.sim.null"
"b2.b3","b2.b3",0.571649429925846,89.9,63,"pink","Spring","C10","1","null","H1.sim.null"
"c1.d1","c1.d1",0.5728040100752,89.33,62,"pink","Spring","C10","1","null","H1.sim.null"
"d2.g3","d2.g3",0.573620695011707,88.76,61,"red","Spring","C10","1","null","H1.sim.null"
"d3.b1","d3.b1",0.574576467246242,88.19,60,"red","Spring","C10","1","null","H1.sim.null"
"b3.b3","b3.b3",0.575101832776473,87.61,59,"pink","Spring","C10","1","null","H1.sim.null"
"b3.c2","b3.c2",0.603875733931384,87.04,58,"pink","Spring","C10","1","null","H1.sim.null"
"d1.f2","d1.f2",0.615766470412122,86.43,57,"red","Spring","C10","1","null","H1.sim.null"
"d2.d2","d2.d2",0.624710332738616,85.82,56,"red","Spring","C10","1","null","H1.sim.null"
"NCCfall.NCCfall","NCCfall.NCCfall",0.645103150850327,85.19,55,"pink","Spring","C10","1","null","H1.sim.null"
"e1.f1","e1.f1",0.654649767857811,84.55,54,"green","Spring","C10","1","null","H1.sim.null"
"e3.e3","e3.e3",0.659367537881204,83.89,53,"green","Spring","C10","1","null","H1.sim.null"
"c1.c1","c1.c1",0.659812234848568,83.23,52,"pink","Spring","C10","1","null","H1.sim.null"
"g3.g3","g3.g3",0.663271690246834,82.57,51,"green","Spring","C10","1","null","H1.sim.null"
"c1.d3","c1.d3",0.673370864549694,81.91,50,"pink","Spring","C10","1","null","H1.sim.null"
"e3.f3","e3.f3",0.686808933338625,81.24,49,"green","Spring","C10","1","null","H1.sim.null"
"d4.d4","d4.d4",0.688905363490758,80.55,48,"red","Spring","C10","1","null","H1.sim.null"
"g1.d4","g1.d4",0.691995387368153,79.86,47,"red","Spring","C10","1","null","H1.sim.null"
"a1.b1","a1.b1",0.700865480723142,79.17,46,"black","Spring","C10","1","null","H1.sim.null"
"d1.f3","d1.f3",0.708829768802569,78.47,45,"red","Spring","C10","1","null","H1.sim.null"
"d1.c1","d1.c1",0.726560307546561,77.76,44,"red","Spring","C10","1","null","H1.sim.null"
"b2.c1","b2.c1",0.726828820564442,77.03,43,"pink","Spring","C10","1","null","H1.sim.null"
"g3.d4","g3.d4",0.736038030656691,76.3,42,"red","Spring","C10","1","null","H1.sim.null"
"c3.b1","c3.b1",0.75373299032796,75.57,41,"pink","Spring","C10","1","null","H1.sim.null"
"d1.d1","d1.d1",0.763706488912464,74.81,40,"red","Spring","C10","1","null","H1.sim.null"
"c2.b2","c2.b2",0.781873251769665,74.05,39,"pink","Spring","C10","1","null","H1.sim.null"
"d2.g1","d2.g1",0.782696684505204,73.27,38,"red","Spring","C10","1","null","H1.sim.null"
"c2.b3","c2.b3",0.787990710774547,72.49,37,"pink","Spring","C10","1","null","H1.sim.null"
"c3.f3","c3.f3",0.800996543572358,71.7,36,"pink","Spring","C10","1","null","H1.sim.null"
"d4.g3","d4.g3",0.802358003154061,70.9,35,"red","Spring","C10","1","null","H1.sim.null"
"d3.c3","d3.c3",0.835888111032354,70.1,34,"red","Spring","C10","1","null","H1.sim.null"
"c3.d2","c3.d2",0.83607231182439,69.26,33,"pink","Spring","C10","1","null","H1.sim.null"
"c3.d3","c3.d3",0.877952294328118,68.42,32,"pink","Spring","C10","1","null","H1.sim.null"
"b1.c3","b1.c3",0.934144746658546,67.55,31,"pink","Spring","C10","1","null","H1.sim.null"
"b2.b1","b2.b1",0.939839410705275,66.61,30,"pink","Spring","C10","1","null","H1.sim.null"
"b1.d3","b1.d3",0.980759082018543,65.67,29,"pink","Spring","C10","1","null","H1.sim.null"
"e1.e1","e1.e1",0.998388244002441,64.69,28,"green","Spring","C10","1","null","H1.sim.null"
"f1.g3","f1.g3",1.00445769720256,63.69,27,"green","Spring","C10","1","null","H1.sim.null"
"b3.c3","b3.c3",1.00768841973419,62.69,26,"pink","Spring","C10","1","null","H1.sim.null"
"g3.d2","g3.d2",1.06735060258099,61.68,25,"red","Spring","C10","1","null","H1.sim.null"
"c2.c2","c2.c2",1.0788155959689,60.61,24,"pink","Spring","C10","1","null","H1.sim.null"
"d2.f1","d2.f1",1.08495431821294,59.53,23,"red","Spring","C10","1","null","H1.sim.null"
"b1.e1","b1.e1",1.10763420798308,58.45,22,"green","Spring","C10","1","null","H1.sim.null"
"c3.b2","c3.b2",1.12722489001931,57.34,21,"pink","Spring","C10","1","null","H1.sim.null"
"b2.b2","b2.b2",1.18451848743497,56.21,20,"pink","Spring","C10","1","null","H1.sim.null"
"d3.c1","d3.c1",1.24360312537648,55.03,19,"red","Spring","C10","1","null","H1.sim.null"
"d4.g1","d4.g1",1.45229231123215,53.79,18,"red","Spring","C10","1","null","H1.sim.null"
"g1.g1","g1.g1",1.46907561699975,52.33,17,"green","Spring","C10","1","null","H1.sim.null"
"f2.g3","f2.g3",1.54876390344709,50.86,16,"green","Spring","C10","1","null","H1.sim.null"
"b2.c2","b2.c2",1.6248408965169,49.32,15,"pink","Spring","C10","1","null","H1.sim.null"
"d3.f3","d3.f3",1.99571280587656,47.69,14,"red","Spring","C10","1","null","H1.sim.null"
"f2.f2","f2.f2",2.01189521455174,45.7,13,"green","Spring","C10","1","null","H1.sim.null"
"f3.f3","f3.f3",2.39478712586538,43.68,12,"green","Spring","C10","1","null","H1.sim.null"
"d3.d3","d3.d3",2.55721420264419,41.29,11,"red","Spring","C10","1","null","H1.sim.null"
"a1.a1","a1.a1",2.81340083346581,38.73,10,"black","Spring","C10","1","null","H1.sim.null"
"f3.g3","f3.g3",2.82806726273695,35.92,9,"green","Spring","C10","1","null","H1.sim.null"
"d3.f2","d3.f2",3.43521070337869,33.09,8,"red","Spring","C10","1","null","H1.sim.null"
"f1.g1","f1.g1",3.52201729937469,29.65,7,"green","Spring","C10","1","null","H1.sim.null"
"e2.f2","e2.f2",3.6618605573255,26.13,6,"green","Spring","C10","1","null","H1.sim.null"
"a1.b2","a1.b2",3.7128526780652,22.47,5,"black","Spring","C10","1","null","H1.sim.null"
"f1.f1","f1.f1",3.81900662157728,18.76,4,"green","Spring","C10","1","null","H1.sim.null"
"b2.e2","b2.e2",3.9668948469035,14.94,3,"green","Spring","C10","1","null","H1.sim.null"
"d3.f1","d3.f1",4.10198003513165,10.97,2,"red","Spring","C10","1","null","H1.sim.null"
"e2.e2","e2.e2",6.8700722937488,6.87,1,"green","Spring","C10","1","null","H1.sim.null"
"d2.g33","d2.g3",0.265498489620892,100,80,"red","Spring","C10","1","g1.d2d4","H1.sim.g1.d2d4"
"g3.g33","g3.g3",0.275920652257726,99.73,79,"green","Spring","C10","1","g1.d2d4","H1.sim.g1.d2d4"
"d2.f23","d2.f2",0.276746570414109,99.46,78,"red","Spring","C10","1","g1.d2d4","H1.sim.g1.d2d4"
"d3.f23","d3.f2",0.282923181809864,99.18,77,"red","Spring","C10","1","g1.d2d4","H1.sim.g1.d2d4"
"d3.f33","d3.f3",0.296505010432771,98.9,76,"red","Spring","C10","1","g1.d2d4","H1.sim.g1.d2d4"
"d1.f33","d1.f3",0.316626916272697,98.6,75,"red","Spring","C10","1","g1.d2d4","H1.sim.g1.d2d4"
"d4.d43","d4.d4",0.324554722023651,98.29,74,"red","Spring","C10","1","g1.d2d4","H1.sim.g1.d2d4"
"d1.f23","d1.f2",0.330877176972097,97.96,73,"red","Spring","C10","1","g1.d2d4","H1.sim.g1.d2d4"
"c3.f33","c3.f3",0.331763134884102,97.63,72,"pink","Spring","C10","1","g1.d2d4","H1.sim.g1.d2d4"
"a3.b33","a3.b3",0.332066566136561,97.3,71,"black","Spring","C10","1","g1.d2d4","H1.sim.g1.d2d4"
"e3.e33","e3.e3",0.333125871360146,96.97,70,"green","Spring","C10","1","g1.d2d4","H1.sim.g1.d2d4"
"d4.g13","d4.g1",0.34183486520855,96.63,69,"red","Spring","C10","1","g1.d2d4","H1.sim.g1.d2d4"
"f1.g33","f1.g3",0.346024568862916,96.29,68,"green","Spring","C10","1","g1.d2d4","H1.sim.g1.d2d4"
"a3.a33","a3.a3",0.353572494864464,95.95,67,"black","Spring","C10","1","g1.d2d4","H1.sim.g1.d2d4"
"f3.f33","f3.f3",0.35964010995597,95.59,66,"green","Spring","C10","1","g1.d2d4","H1.sim.g1.d2d4"
"b3.e33","b3.e3",0.364903645759495,95.23,65,"green","Spring","C10","1","g1.d2d4","H1.sim.g1.d2d4"
"e2.e23","e2.e2",0.366426351623287,94.87,64,"green","Spring","C10","1","g1.d2d4","H1.sim.g1.d2d4"
"NCCfall.NCCfall3","NCCfall.NCCfall",0.369418614237359,94.5,63,"pink","Spring","C10","1","g1.d2d4","H1.sim.g1.d2d4"
"c1.b23","c1.b2",0.372643250941861,94.13,62,"pink","Spring","C10","1","g1.d2d4","H1.sim.g1.d2d4"
"f2.f23","f2.f2",0.381825858412003,93.76,61,"green","Spring","C10","1","g1.d2d4","H1.sim.g1.d2d4"
"c3.b33","c3.b3",0.382170499864485,93.38,60,"pink","Spring","C10","1","g1.d2d4","H1.sim.g1.d2d4"
"f2.g33","f2.g3",0.382231902218588,92.99,59,"green","Spring","C10","1","g1.d2d4","H1.sim.g1.d2d4"
"c1.f23","c1.f2",0.391907320335737,92.61,58,"pink","Spring","C10","1","g1.d2d4","H1.sim.g1.d2d4"
"f3.g33","f3.g3",0.393968525114866,92.22,57,"green","Spring","C10","1","g1.d2d4","H1.sim.g1.d2d4"
"b2.e23","b2.e2",0.396163568758075,91.83,56,"green","Spring","C10","1","g1.d2d4","H1.sim.g1.d2d4"
"c1.c13","c1.c1",0.396204534126958,91.43,55,"pink","Spring","C10","1","g1.d2d4","H1.sim.g1.d2d4"
"c1.d33","c1.d3",0.39909116346454,91.03,54,"pink","Spring","C10","1","g1.d2d4","H1.sim.g1.d2d4"
"NCCfall.g33","NCCfall.g3",0.404249616441418,90.64,53,"pink","Spring","C10","1","g1.d2d4","H1.sim.g1.d2d4"
"NCCspr.g13","NCCspr.g1",0.407934532638413,90.23,52,"pink","Spring","C10","1","g1.d2d4","H1.sim.g1.d2d4"
"c1.b33","c1.b3",0.409484908162989,89.82,51,"pink","Spring","C10","1","g1.d2d4","H1.sim.g1.d2d4"
"d2.f33","d2.f3",0.427099516901559,89.41,50,"red","Spring","C10","1","g1.d2d4","H1.sim.g1.d2d4"
"e3.f33","e3.f3",0.432180854828584,88.99,49,"green","Spring","C10","1","g1.d2d4","H1.sim.g1.d2d4"
"NCCspr.NCCspr3","NCCspr.NCCspr",0.435970820065991,88.55,48,"pink","Spring","C10","1","g1.d2d4","H1.sim.g1.d2d4"
"b3.b33","b3.b3",0.439491553236976,88.12,47,"pink","Spring","C10","1","g1.d2d4","H1.sim.g1.d2d4"
"d4.g33","d4.g3",0.455705559379074,87.68,46,"red","Spring","C10","1","g1.d2d4","H1.sim.g1.d2d4"
"e2.f23","e2.f2",0.459214923100373,87.22,45,"green","Spring","C10","1","g1.d2d4","H1.sim.g1.d2d4"
"d2.c13","d2.c1",0.459383750460536,86.76,44,"red","Spring","C10","1","g1.d2d4","H1.sim.g1.d2d4"
"c3.b23","c3.b2",0.50125352833858,86.3,43,"pink","Spring","C10","1","g1.d2d4","H1.sim.g1.d2d4"
"c3.b13","c3.b1",0.521156479101297,85.8,42,"pink","Spring","C10","1","g1.d2d4","H1.sim.g1.d2d4"
"c2.b33","c2.b3",0.542669972122664,85.28,41,"pink","Spring","C10","1","g1.d2d4","H1.sim.g1.d2d4"
"d2.c33","d2.c3",0.549775421962362,84.74,40,"red","Spring","C10","1","g1.d2d4","H1.sim.g1.d2d4"
"b1.b13","b1.b1",0.551691935071627,84.19,39,"pink","Spring","C10","1","g1.d2d4","H1.sim.g1.d2d4"
"c3.d33","c3.d3",0.606575775503006,83.64,38,"pink","Spring","C10","1","g1.d2d4","H1.sim.g1.d2d4"
"c1.d13","c1.d1",0.609666856894984,83.03,37,"pink","Spring","C10","1","g1.d2d4","H1.sim.g1.d2d4"
"d2.f13","d2.f1",0.618137773843341,82.42,36,"red","Spring","C10","1","g1.d2d4","H1.sim.g1.d2d4"
"b2.b33","b2.b3",0.649900170045962,81.8,35,"pink","Spring","C10","1","g1.d2d4","H1.sim.g1.d2d4"
"b3.c23","b3.c2",0.652228834049885,81.15,34,"pink","Spring","C10","1","g1.d2d4","H1.sim.g1.d2d4"
"d1.c13","d1.c1",0.6637158744698,80.5,33,"red","Spring","C10","1","g1.d2d4","H1.sim.g1.d2d4"
"d2.d23","d2.d2",0.711880359060972,79.84,32,"red","Spring","C10","1","g1.d2d4","H1.sim.g1.d2d4"
"d1.d13","d1.d1",0.737707244510096,79.13,31,"red","Spring","C10","1","g1.d2d4","H1.sim.g1.d2d4"
"c1.f13","c1.f1",0.76880050003654,78.39,30,"pink","Spring","C10","1","g1.d2d4","H1.sim.g1.d2d4"
"d2.g13","d2.g1",0.797706496866372,77.62,29,"red","Spring","C10","1","g1.d2d4","H1.sim.g1.d2d4"
"d3.b13","d3.b1",0.920050569416183,76.82,28,"red","Spring","C10","1","g1.d2d4","H1.sim.g1.d2d4"
"c3.c33","c3.c3",0.956337988537562,75.9,27,"pink","Spring","C10","1","g1.d2d4","H1.sim.g1.d2d4"
"c1.d23","c1.d2",0.977237680872801,74.95,26,"pink","Spring","C10","1","g1.d2d4","H1.sim.g1.d2d4"
"c2.b23","c2.b2",0.984080223246405,73.97,25,"pink","Spring","C10","1","g1.d2d4","H1.sim.g1.d2d4"
"b3.c33","b3.c3",1.04736250381325,72.98,24,"pink","Spring","C10","1","g1.d2d4","H1.sim.g1.d2d4"
"b1.d33","b1.d3",1.08127979954685,71.94,23,"pink","Spring","C10","1","g1.d2d4","H1.sim.g1.d2d4"
"d1.f13","d1.f1",1.11276980819252,70.86,22,"red","Spring","C10","1","g1.d2d4","H1.sim.g1.d2d4"
"b2.b13","b2.b1",1.21852286961534,69.74,21,"pink","Spring","C10","1","g1.d2d4","H1.sim.g1.d2d4"
"d3.d33","d3.d3",1.24550947257248,68.52,20,"red","Spring","C10","1","g1.d2d4","H1.sim.g1.d2d4"
"c3.d23","c3.d2",1.3952871110136,67.28,19,"pink","Spring","C10","1","g1.d2d4","H1.sim.g1.d2d4"
"b2.b23","b2.b2",1.62549450701662,65.88,18,"pink","Spring","C10","1","g1.d2d4","H1.sim.g1.d2d4"
"b2.c13","b2.c1",1.77843339709565,64.26,17,"pink","Spring","C10","1","g1.d2d4","H1.sim.g1.d2d4"
"c2.c23","c2.c2",1.85294018582294,62.48,16,"pink","Spring","C10","1","g1.d2d4","H1.sim.g1.d2d4"
"a1.b13","a1.b1",1.90817687400499,60.63,15,"black","Spring","C10","1","g1.d2d4","H1.sim.g1.d2d4"
"a1.a13","a1.a1",2.15159103761777,58.72,14,"black","Spring","C10","1","g1.d2d4","H1.sim.g1.d2d4"
"b2.c23","b2.c2",2.2527823265412,56.57,13,"pink","Spring","C10","1","g1.d2d4","H1.sim.g1.d2d4"
"f1.f13","f1.f1",2.39553789680473,54.31,12,"green","Spring","C10","1","g1.d2d4","H1.sim.g1.d2d4"
"d3.c13","d3.c1",2.59220955240858,51.92,11,"red","Spring","C10","1","g1.d2d4","H1.sim.g1.d2d4"
"g1.g13","g1.g1",2.62149604667034,49.33,10,"green","Spring","C10","1","g1.d2d4","H1.sim.g1.d2d4"
"f1.g13","f1.g1",3.10820739596268,46.7,9,"green","Spring","C10","1","g1.d2d4","H1.sim.g1.d2d4"
"b2.c33","b2.c3",3.21760210358517,43.6,8,"pink","Spring","C10","1","g1.d2d4","H1.sim.g1.d2d4"
"b1.c33","b1.c3",3.60447936152127,40.38,7,"pink","Spring","C10","1","g1.d2d4","H1.sim.g1.d2d4"
"d3.c33","d3.c3",4.02584642338069,36.77,6,"red","Spring","C10","1","g1.d2d4","H1.sim.g1.d2d4"
"a1.b23","a1.b2",5.50177472239973,32.75,5,"black","Spring","C10","1","g1.d2d4","H1.sim.g1.d2d4"
"b1.e13","b1.e1",5.76223878097315,27.25,4,"green","Spring","C10","1","g1.d2d4","H1.sim.g1.d2d4"
"e1.f13","e1.f1",6.14224236356777,21.48,3,"green","Spring","C10","1","g1.d2d4","H1.sim.g1.d2d4"
"d3.f13","d3.f1",7.33373010888309,15.34,2,"red","Spring","C10","1","g1.d2d4","H1.sim.g1.d2d4"
"e1.e13","e1.e1",8.00856006588948,8.01,1,"green","Spring","C10","1","g1.d2d4","H1.sim.g1.d2d4"
"b3.b34","b3.b3",0.444526950603838,100,88,"pink","Spring","C10","5","null","H5.sim.null"
"b3.c34","b3.c3",0.459900354380587,99.56,87,"pink","Spring","C10","5","null","H5.sim.null"
"NCCfall.g34","NCCfall.g3",0.466858513569052,99.1,86,"pink","Spring","C10","5","null","H5.sim.null"
"b3.c24","b3.c2",0.478199522266012,98.63,85,"pink","Spring","C10","5","null","H5.sim.null"
"b2.c34","b2.c3",0.501397318565117,98.15,84,"pink","Spring","C10","5","null","H5.sim.null"
"a3.a34","a3.a3",0.508674213490632,97.65,83,"black","Spring","C10","5","null","H5.sim.null"
"b3.e34","b3.e3",0.526966977836066,97.14,82,"green","Spring","C10","5","null","H5.sim.null"
"g1.d23","g1.d2",0.528742851910699,96.61,81,"red","Spring","C10","5","null","H5.sim.null"
"NCCspr.g14","NCCspr.g1",0.529469671250957,96.08,80,"pink","Spring","C10","5","null","H5.sim.null"
"c1.d34","c1.d3",0.541749928640663,95.56,79,"pink","Spring","C10","5","null","H5.sim.null"
"b1.d34","b1.d3",0.542095406606627,95.01,78,"pink","Spring","C10","5","null","H5.sim.null"
"c2.b24","c2.b2",0.557586559418362,94.47,77,"pink","Spring","C10","5","null","H5.sim.null"
"c3.d34","c3.d3",0.563733565764716,93.91,76,"pink","Spring","C10","5","null","H5.sim.null"
"d3.c14","d3.c1",0.565680205091432,93.35,75,"red","Spring","C10","5","null","H5.sim.null"
"c3.c34","c3.c3",0.581504390673047,92.78,74,"pink","Spring","C10","5","null","H5.sim.null"
"NCCspr.NCCspr4","NCCspr.NCCspr",0.594606301296113,92.2,73,"pink","Spring","C10","5","null","H5.sim.null"
"c3.d24","c3.d2",0.604305153831796,91.61,72,"pink","Spring","C10","5","null","H5.sim.null"
"d3.b14","d3.b1",0.608673163490977,91,71,"red","Spring","C10","5","null","H5.sim.null"
"b2.c14","b2.c1",0.617185652943778,90.4,70,"pink","Spring","C10","5","null","H5.sim.null"
"c1.b24","c1.b2",0.623561426758438,89.78,69,"pink","Spring","C10","5","null","H5.sim.null"
"d3.f34","d3.f3",0.63437689579097,89.15,68,"red","Spring","C10","5","null","H5.sim.null"
"c3.b24","c3.b2",0.636009775959596,88.52,67,"pink","Spring","C10","5","null","H5.sim.null"
"c3.b14","c3.b1",0.637450497538775,87.88,66,"pink","Spring","C10","5","null","H5.sim.null"
"c1.d24","c1.d2",0.640138998871674,87.25,65,"pink","Spring","C10","5","null","H5.sim.null"
"g1.d43","g1.d4",0.640471970625367,86.61,64,"red","Spring","C10","5","null","H5.sim.null"
"c2.b34","c2.b3",0.654933377059693,85.97,63,"pink","Spring","C10","5","null","H5.sim.null"
"d4.g34","d4.g3",0.655691916082053,85.31,62,"red","Spring","C10","5","null","H5.sim.null"
"d2.d24","d2.d2",0.662329595721193,84.66,61,"red","Spring","C10","5","null","H5.sim.null"
"d4.d44","d4.d4",0.665387009528285,83.99,60,"red","Spring","C10","5","null","H5.sim.null"
"e1.e14","e1.e1",0.673258382349644,83.33,59,"green","Spring","C10","5","null","H5.sim.null"
"f1.f14","f1.f1",0.678669894147829,82.65,58,"green","Spring","C10","5","null","H5.sim.null"
"a3.b34","a3.b3",0.68288350646435,81.98,57,"black","Spring","C10","5","null","H5.sim.null"
"d2.c34","d2.c3",0.702956022530649,81.29,56,"red","Spring","C10","5","null","H5.sim.null"
"b2.b24","b2.b2",0.731277504263652,80.59,55,"pink","Spring","C10","5","null","H5.sim.null"
"c1.c14","c1.c1",0.732790398888617,79.86,54,"pink","Spring","C10","5","null","H5.sim.null"
"d1.c14","d1.c1",0.734336235596559,79.13,53,"red","Spring","C10","5","null","H5.sim.null"
"b2.b34","b2.b3",0.734765685070656,78.39,52,"pink","Spring","C10","5","null","H5.sim.null"
"b2.e24","b2.e2",0.737698434879058,77.66,51,"green","Spring","C10","5","null","H5.sim.null"
"c1.b34","c1.b3",0.742239683421611,76.92,50,"pink","Spring","C10","5","null","H5.sim.null"
"c3.f34","c3.f3",0.747781508039261,76.18,49,"pink","Spring","C10","5","null","H5.sim.null"
"NCCfall.NCCfall4","NCCfall.NCCfall",0.756504918833175,75.43,48,"pink","Spring","C10","5","null","H5.sim.null"
"c3.b34","c3.b3",0.760336129889837,74.67,47,"pink","Spring","C10","5","null","H5.sim.null"
"e3.f34","e3.f3",0.789989571615337,73.91,46,"green","Spring","C10","5","null","H5.sim.null"
"c1.f14","c1.f1",0.791851801616005,73.12,45,"pink","Spring","C10","5","null","H5.sim.null"
"b2.b14","b2.b1",0.793219743071858,72.33,44,"pink","Spring","C10","5","null","H5.sim.null"
"d3.c34","d3.c3",0.804213518852908,71.54,43,"red","Spring","C10","5","null","H5.sim.null"
"d2.c14","d2.c1",0.807134918900479,70.73,42,"red","Spring","C10","5","null","H5.sim.null"
"b1.c34","b1.c3",0.819087692096803,69.93,41,"pink","Spring","C10","5","null","H5.sim.null"
"e3.e34","e3.e3",0.827911724428866,69.11,40,"green","Spring","C10","5","null","H5.sim.null"
"d3.f14","d3.f1",0.844626944356222,68.28,39,"red","Spring","C10","5","null","H5.sim.null"
"c2.c24","c2.c2",0.860768838258882,67.43,38,"pink","Spring","C10","5","null","H5.sim.null"
"d3.d34","d3.d3",0.861060353629911,66.57,37,"red","Spring","C10","5","null","H5.sim.null"
"b2.c24","b2.c2",0.876504808376026,65.71,36,"pink","Spring","C10","5","null","H5.sim.null"
"d2.f34","d2.f3",0.885041238746563,64.84,35,"red","Spring","C10","5","null","H5.sim.null"
"c1.f24","c1.f2",0.894087397039005,63.95,34,"pink","Spring","C10","5","null","H5.sim.null"
"a1.d2","a1.d2",0.897451322328171,63.06,33,"black","Spring","C10","5","null","H5.sim.null"
"e2.f24","e2.f2",0.903701994380004,62.16,32,"green","Spring","C10","5","null","H5.sim.null"
"f3.f34","f3.f3",1.01159389316599,61.26,31,"green","Spring","C10","5","null","H5.sim.null"
"b1.e14","b1.e1",1.06913705359934,60.24,30,"green","Spring","C10","5","null","H5.sim.null"
"g3.d23","g3.d2",1.07628352366587,59.17,29,"red","Spring","C10","5","null","H5.sim.null"
"d3.f24","d3.f2",1.08893648787384,58.1,28,"red","Spring","C10","5","null","H5.sim.null"
"e1.f14","e1.f1",1.09976934413887,57.01,27,"green","Spring","C10","5","null","H5.sim.null"
"f3.g34","f3.g3",1.11743346307046,55.91,26,"green","Spring","C10","5","null","H5.sim.null"
"a1.d3","a1.d3",1.13549831778207,54.79,25,"black","Spring","C10","5","null","H5.sim.null"
"a1.b24","a1.b2",1.21716535578688,53.66,24,"black","Spring","C10","5","null","H5.sim.null"
"g1.g14","g1.g1",1.26882071714601,52.44,23,"green","Spring","C10","5","null","H5.sim.null"
"d2.g34","d2.g3",1.31028100411639,51.17,22,"red","Spring","C10","5","null","H5.sim.null"
"d2.f14","d2.f1",1.32588956251579,49.86,21,"red","Spring","C10","5","null","H5.sim.null"
"b1.b14","b1.b1",1.39123365741662,48.53,20,"pink","Spring","C10","5","null","H5.sim.null"
"d2.f24","d2.f2",1.40024726551356,47.14,19,"red","Spring","C10","5","null","H5.sim.null"
"a1.a14","a1.a1",1.41315357302922,45.74,18,"black","Spring","C10","5","null","H5.sim.null"
"a1.b14","a1.b1",1.55316731133348,44.33,17,"black","Spring","C10","5","null","H5.sim.null"
"c1.d14","c1.d1",1.55516250404474,42.78,16,"pink","Spring","C10","5","null","H5.sim.null"
"d4.g14","d4.g1",1.83264071198469,41.22,15,"red","Spring","C10","5","null","H5.sim.null"
"a1.d4","a1.d4",1.84629644387639,39.39,14,"black","Spring","C10","5","null","H5.sim.null"
"e2.e24","e2.e2",1.87292366015772,37.54,13,"green","Spring","C10","5","null","H5.sim.null"
"d1.f34","d1.f3",1.9396868809796,35.67,12,"red","Spring","C10","5","null","H5.sim.null"
"d1.f14","d1.f1",1.97028770238602,33.73,11,"red","Spring","C10","5","null","H5.sim.null"
"f2.g34","f2.g3",2.17946297384116,31.76,10,"green","Spring","C10","5","null","H5.sim.null"
"f1.g34","f1.g3",2.41669226385756,29.58,9,"green","Spring","C10","5","null","H5.sim.null"
"f2.f24","f2.f2",2.5263161424458,27.16,8,"green","Spring","C10","5","null","H5.sim.null"
"d1.f24","d1.f2",2.78628759799154,24.64,7,"red","Spring","C10","5","null","H5.sim.null"
"g3.d43","g3.d4",2.94114667754046,21.85,6,"red","Spring","C10","5","null","H5.sim.null"
"g3.g34","g3.g3",2.9714229009798,18.91,5,"green","Spring","C10","5","null","H5.sim.null"
"d2.g14","d2.g1",3.03830989701429,15.94,4,"red","Spring","C10","5","null","H5.sim.null"
"d1.d14","d1.d1",3.74705779099855,12.9,3,"red","Spring","C10","5","null","H5.sim.null"
"a1.d1","a1.d1",4.20379002190698,9.15,2,"black","Spring","C10","5","null","H5.sim.null"
"f1.g14","f1.g1",4.94954696220184,4.95,1,"green","Spring","C10","5","null","H5.sim.null"
"NCCfall.NCCfall5","NCCfall.NCCfall",0.485040161156815,100,84,"pink","Spring","C10","5","g1.d2d4","H5.sim.g1.d2d4"
"e3.f35","e3.f3",0.548094712617295,99.51,83,"green","Spring","C10","5","g1.d2d4","H5.sim.g1.d2d4"
"d2.g35","d2.g3",0.572806827043283,98.97,82,"red","Spring","C10","5","g1.d2d4","H5.sim.g1.d2d4"
"d1.f35","d1.f3",0.62832836278223,98.39,81,"red","Spring","C10","5","g1.d2d4","H5.sim.g1.d2d4"
"c1.f25","c1.f2",0.634168976199688,97.77,80,"pink","Spring","C10","5","g1.d2d4","H5.sim.g1.d2d4"
"c3.b35","c3.b3",0.654201847903928,97.13,79,"pink","Spring","C10","5","g1.d2d4","H5.sim.g1.d2d4"
"d1.f25","d1.f2",0.657944887031891,96.48,78,"red","Spring","C10","5","g1.d2d4","H5.sim.g1.d2d4"
"b3.b35","b3.b3",0.660726947405889,95.82,77,"pink","Spring","C10","5","g1.d2d4","H5.sim.g1.d2d4"
"b2.c15","b2.c1",0.669229527672612,95.16,76,"pink","Spring","C10","5","g1.d2d4","H5.sim.g1.d2d4"
"d3.f25","d3.f2",0.682637894670757,94.49,75,"red","Spring","C10","5","g1.d2d4","H5.sim.g1.d2d4"
"c3.f35","c3.f3",0.682891478325338,93.81,74,"pink","Spring","C10","5","g1.d2d4","H5.sim.g1.d2d4"
"e2.f25","e2.f2",0.691249631209201,93.12,73,"green","Spring","C10","5","g1.d2d4","H5.sim.g1.d2d4"
"d4.g35","d4.g3",0.711777324832973,92.43,72,"red","Spring","C10","5","g1.d2d4","H5.sim.g1.d2d4"
"f3.f35","f3.f3",0.715562118287071,91.72,71,"green","Spring","C10","5","g1.d2d4","H5.sim.g1.d2d4"
"c2.b35","c2.b3",0.723361201659312,91.01,70,"pink","Spring","C10","5","g1.d2d4","H5.sim.g1.d2d4"
"b3.c25","b3.c2",0.724296372790559,90.28,69,"pink","Spring","C10","5","g1.d2d4","H5.sim.g1.d2d4"
"e2.e25","e2.e2",0.743105551893061,89.56,68,"green","Spring","C10","5","g1.d2d4","H5.sim.g1.d2d4"
"NCCfall.g35","NCCfall.g3",0.753852078981358,88.81,67,"pink","Spring","C10","5","g1.d2d4","H5.sim.g1.d2d4"
"d3.c15","d3.c1",0.764279997961992,88.06,66,"red","Spring","C10","5","g1.d2d4","H5.sim.g1.d2d4"
"NCCspr.NCCspr5","NCCspr.NCCspr",0.769924406123046,87.3,65,"pink","Spring","C10","5","g1.d2d4","H5.sim.g1.d2d4"
"d2.f25","d2.f2",0.771405432391084,86.53,64,"red","Spring","C10","5","g1.d2d4","H5.sim.g1.d2d4"
"c1.b35","c1.b3",0.773021070068441,85.76,63,"pink","Spring","C10","5","g1.d2d4","H5.sim.g1.d2d4"
"f2.f25","f2.f2",0.774335727533447,84.98,62,"green","Spring","C10","5","g1.d2d4","H5.sim.g1.d2d4"
"b3.e35","b3.e3",0.775056581871963,84.21,61,"green","Spring","C10","5","g1.d2d4","H5.sim.g1.d2d4"
"g3.g35","g3.g3",0.782324652228738,83.43,60,"green","Spring","C10","5","g1.d2d4","H5.sim.g1.d2d4"
"a1.a15","a1.a1",0.796596743262849,82.65,59,"black","Spring","C10","5","g1.d2d4","H5.sim.g1.d2d4"
"c3.d35","c3.d3",0.804069064670471,81.85,58,"pink","Spring","C10","5","g1.d2d4","H5.sim.g1.d2d4"
"f3.g35","f3.g3",0.807226614163384,81.05,57,"green","Spring","C10","5","g1.d2d4","H5.sim.g1.d2d4"
"a3.a35","a3.a3",0.818430638893053,80.24,56,"black","Spring","C10","5","g1.d2d4","H5.sim.g1.d2d4"
"a3.b35","a3.b3",0.824064051719898,79.42,55,"black","Spring","C10","5","g1.d2d4","H5.sim.g1.d2d4"
"f1.g35","f1.g3",0.854527552041551,78.6,54,"green","Spring","C10","5","g1.d2d4","H5.sim.g1.d2d4"
"b2.b15","b2.b1",0.867404216021837,77.75,53,"pink","Spring","C10","5","g1.d2d4","H5.sim.g1.d2d4"
"e3.e35","e3.e3",0.880203475484441,76.88,52,"green","Spring","C10","5","g1.d2d4","H5.sim.g1.d2d4"
"d2.f15","d2.f1",0.886839520747965,76,51,"red","Spring","C10","5","g1.d2d4","H5.sim.g1.d2d4"
"f2.g35","f2.g3",0.907464713544921,75.11,50,"green","Spring","C10","5","g1.d2d4","H5.sim.g1.d2d4"
"b2.e25","b2.e2",0.908730871661848,74.2,49,"green","Spring","C10","5","g1.d2d4","H5.sim.g1.d2d4"
"d2.c15","d2.c1",0.912070512117086,73.29,48,"red","Spring","C10","5","g1.d2d4","H5.sim.g1.d2d4"
"d2.f35","d2.f3",0.926305477204908,72.38,47,"red","Spring","C10","5","g1.d2d4","H5.sim.g1.d2d4"
"b1.b15","b1.b1",0.932032523312158,71.46,46,"pink","Spring","C10","5","g1.d2d4","H5.sim.g1.d2d4"
"c1.f15","c1.f1",0.948372158220581,70.52,45,"pink","Spring","C10","5","g1.d2d4","H5.sim.g1.d2d4"
"c1.d15","c1.d1",0.94908634846998,69.58,44,"pink","Spring","C10","5","g1.d2d4","H5.sim.g1.d2d4"
"b3.c35","b3.c3",0.955705773540233,68.63,43,"pink","Spring","C10","5","g1.d2d4","H5.sim.g1.d2d4"
"b2.b35","b2.b3",0.960179865376303,67.67,42,"pink","Spring","C10","5","g1.d2d4","H5.sim.g1.d2d4"
"c3.b15","c3.b1",0.983888325144524,66.71,41,"pink","Spring","C10","5","g1.d2d4","H5.sim.g1.d2d4"
"d3.c35","d3.c3",0.998291501695378,65.73,40,"red","Spring","C10","5","g1.d2d4","H5.sim.g1.d2d4"
"d3.b15","d3.b1",1.00051593925579,64.73,39,"red","Spring","C10","5","g1.d2d4","H5.sim.g1.d2d4"
"b1.d35","b1.d3",1.01003208381121,63.73,38,"pink","Spring","C10","5","g1.d2d4","H5.sim.g1.d2d4"
"NCCspr.g15","NCCspr.g1",1.01924118875841,62.72,37,"pink","Spring","C10","5","g1.d2d4","H5.sim.g1.d2d4"
"c2.c25","c2.c2",1.02971988150789,61.7,36,"pink","Spring","C10","5","g1.d2d4","H5.sim.g1.d2d4"
"g1.g15","g1.g1",1.05203086635764,60.67,35,"green","Spring","C10","5","g1.d2d4","H5.sim.g1.d2d4"
"c1.b25","c1.b2",1.14808581769159,59.62,34,"pink","Spring","C10","5","g1.d2d4","H5.sim.g1.d2d4"
"c2.b25","c2.b2",1.15884111881296,58.47,33,"pink","Spring","C10","5","g1.d2d4","H5.sim.g1.d2d4"
"b2.c35","b2.c3",1.16524520194796,57.31,32,"pink","Spring","C10","5","g1.d2d4","H5.sim.g1.d2d4"
"b1.c35","b1.c3",1.19460804933315,56.15,31,"pink","Spring","C10","5","g1.d2d4","H5.sim.g1.d2d4"
"c1.d35","c1.d3",1.21730042522665,54.95,30,"pink","Spring","C10","5","g1.d2d4","H5.sim.g1.d2d4"
"d3.f35","d3.f3",1.22192081047651,53.73,29,"red","Spring","C10","5","g1.d2d4","H5.sim.g1.d2d4"
"e1.f15","e1.f1",1.23946777749748,52.51,28,"green","Spring","C10","5","g1.d2d4","H5.sim.g1.d2d4"
"d1.c15","d1.c1",1.24988222586614,51.27,27,"red","Spring","C10","5","g1.d2d4","H5.sim.g1.d2d4"
"b2.c25","b2.c2",1.26682903775607,50.02,26,"pink","Spring","C10","5","g1.d2d4","H5.sim.g1.d2d4"
"c1.c15","c1.c1",1.26998024134716,48.76,25,"pink","Spring","C10","5","g1.d2d4","H5.sim.g1.d2d4"
"f1.g15","f1.g1",1.30823842142886,47.49,24,"green","Spring","C10","5","g1.d2d4","H5.sim.g1.d2d4"
"d3.d35","d3.d3",1.33729448553773,46.18,23,"red","Spring","C10","5","g1.d2d4","H5.sim.g1.d2d4"
"d2.g15","d2.g1",1.38781729774062,44.84,22,"red","Spring","C10","5","g1.d2d4","H5.sim.g1.d2d4"
"d2.c35","d2.c3",1.43073554438098,43.45,21,"red","Spring","C10","5","g1.d2d4","H5.sim.g1.d2d4"
"c1.d25","c1.d2",1.45660257125108,42.02,20,"pink","Spring","C10","5","g1.d2d4","H5.sim.g1.d2d4"
"a1.b15","a1.b1",1.52701755351041,40.56,19,"black","Spring","C10","5","g1.d2d4","H5.sim.g1.d2d4"
"a1.d31","a1.d3",1.5599515737576,39.04,18,"black","Spring","C10","5","g1.d2d4","H5.sim.g1.d2d4"
"c3.d25","c3.d2",1.63177248851926,37.48,17,"pink","Spring","C10","5","g1.d2d4","H5.sim.g1.d2d4"
"d3.f15","d3.f1",1.63186320645949,35.85,16,"red","Spring","C10","5","g1.d2d4","H5.sim.g1.d2d4"
"c3.b25","c3.b2",1.63650018451317,34.21,15,"pink","Spring","C10","5","g1.d2d4","H5.sim.g1.d2d4"
"d1.d15","d1.d1",1.68041190716566,32.58,14,"red","Spring","C10","5","g1.d2d4","H5.sim.g1.d2d4"
"b1.e15","b1.e1",1.75684877377802,30.9,13,"green","Spring","C10","5","g1.d2d4","H5.sim.g1.d2d4"
"b2.b25","b2.b2",2.01525732106335,29.14,12,"pink","Spring","C10","5","g1.d2d4","H5.sim.g1.d2d4"
"d1.f15","d1.f1",2.01717472607222,27.12,11,"red","Spring","C10","5","g1.d2d4","H5.sim.g1.d2d4"
"a1.d11","a1.d1",2.08388628360311,25.11,10,"black","Spring","C10","5","g1.d2d4","H5.sim.g1.d2d4"
"d4.d45","d4.d4",2.08673413044915,23.02,9,"red","Spring","C10","5","g1.d2d4","H5.sim.g1.d2d4"
"a1.b25","a1.b2",2.16267131462069,20.94,8,"black","Spring","C10","5","g1.d2d4","H5.sim.g1.d2d4"
"c3.c35","c3.c3",2.16550352073885,18.77,7,"pink","Spring","C10","5","g1.d2d4","H5.sim.g1.d2d4"
"d4.g15","d4.g1",2.30819367670465,16.61,6,"red","Spring","C10","5","g1.d2d4","H5.sim.g1.d2d4"
"f1.f15","f1.f1",2.44080963038612,14.3,5,"green","Spring","C10","5","g1.d2d4","H5.sim.g1.d2d4"
"a1.d41","a1.d4",2.4508201774281,11.86,4,"black","Spring","C10","5","g1.d2d4","H5.sim.g1.d2d4"
"d2.d25","d2.d2",2.8004889200432,9.41,3,"red","Spring","C10","5","g1.d2d4","H5.sim.g1.d2d4"
"e1.e15","e1.e1",2.89125173188354,6.61,2,"green","Spring","C10","5","g1.d2d4","H5.sim.g1.d2d4"
"a1.d21","a1.d2",3.71734017538219,3.72,1,"black","Spring","C10","5","g1.d2d4","H5.sim.g1.d2d4"
"d3.c16","d3.c1",0.327260982296493,100,94,"red","Spring","C10","6","null","H6.sim.null"
"c3.b26","c3.b2",0.360230799786098,99.67,93,"pink","Spring","C10","6","null","H6.sim.null"
"c1.c16","c1.c1",0.367107551138443,99.31,92,"pink","Spring","C10","6","null","H6.sim.null"
"c2.b26","c2.b2",0.372068727639054,98.95,91,"pink","Spring","C10","6","null","H6.sim.null"
"b2.c16","b2.c1",0.378759825636207,98.57,90,"pink","Spring","C10","6","null","H6.sim.null"
"b1.d36","b1.d3",0.381403567624564,98.19,89,"pink","Spring","C10","6","null","H6.sim.null"
"c1.d36","c1.d3",0.383431550660929,97.81,88,"pink","Spring","C10","6","null","H6.sim.null"
"c1.b36","c1.b3",0.387200002905421,97.43,87,"pink","Spring","C10","6","null","H6.sim.null"
"c3.b36","c3.b3",0.388471825460364,97.04,86,"pink","Spring","C10","6","null","H6.sim.null"
"c1.f16","c1.f1",0.394257355050862,96.65,85,"pink","Spring","C10","6","null","H6.sim.null"
"NCCspr.g16","NCCspr.g1",0.405483680236152,96.26,84,"pink","Spring","C10","6","null","H6.sim.null"
"c1.d26","c1.d2",0.411030970570342,95.85,83,"pink","Spring","C10","6","null","H6.sim.null"
"a1.d32","a1.d3",0.411175470174423,95.44,82,"black","Spring","C10","6","null","H6.sim.null"
"d3.c36","d3.c3",0.411456652948059,95.03,81,"red","Spring","C10","6","null","H6.sim.null"
"d2.c16","d2.c1",0.41357769529189,94.62,80,"red","Spring","C10","6","null","H6.sim.null"
"NCCfall.NCCfall6","NCCfall.NCCfall",0.414024809494075,94.21,79,"pink","Spring","C10","6","null","H6.sim.null"
"NCCspr.NCCspr6","NCCspr.NCCspr",0.417318894106651,93.79,78,"pink","Spring","C10","6","null","H6.sim.null"
"c3.d26","c3.d2",0.417958253940948,93.38,77,"pink","Spring","C10","6","null","H6.sim.null"
"a3.a36","a3.a3",0.425733293931971,92.96,76,"black","Spring","C10","6","null","H6.sim.null"
"a3.b36","a3.b3",0.426304698563706,92.53,75,"black","Spring","C10","6","null","H6.sim.null"
"b3.c26","b3.c2",0.440023104930741,92.11,74,"pink","Spring","C10","6","null","H6.sim.null"
"c3.c36","c3.c3",0.44209255672849,91.67,73,"pink","Spring","C10","6","null","H6.sim.null"
"c3.d36","c3.d3",0.445432563814109,91.22,72,"pink","Spring","C10","6","null","H6.sim.null"
"d2.d26","d2.d2",0.449365738332156,90.78,71,"red","Spring","C10","6","null","H6.sim.null"
"NCCfall.g36","NCCfall.g3",0.450061155824373,90.33,70,"pink","Spring","C10","6","null","H6.sim.null"
"c3.b16","c3.b1",0.452673640394087,89.88,69,"pink","Spring","C10","6","null","H6.sim.null"
"c3.f36","c3.f3",0.452809640103708,89.43,68,"pink","Spring","C10","6","null","H6.sim.null"
"g1.d24","g1.d2",0.455982762188071,88.97,67,"red","Spring","C10","6","null","H6.sim.null"
"a1.b26","a1.b2",0.464051521367173,88.52,66,"black","Spring","C10","6","null","H6.sim.null"
"a1.d22","a1.d2",0.472744767594487,88.05,65,"black","Spring","C10","6","null","H6.sim.null"
"b3.e36","b3.e3",0.479231497410824,87.58,64,"green","Spring","C10","6","null","H6.sim.null"
"b2.c26","b2.c2",0.480208076343742,87.1,63,"pink","Spring","C10","6","null","H6.sim.null"
"a1.c3","a1.c3",0.48508662183928,86.62,62,"black","Spring","C10","6","null","H6.sim.null"
"c1.f26","c1.f2",0.488337056828938,86.14,61,"pink","Spring","C10","6","null","H6.sim.null"
"c2.c26","c2.c2",0.491757614835634,85.65,60,"pink","Spring","C10","6","null","H6.sim.null"
"d1.c16","d1.c1",0.50015443287484,85.16,59,"red","Spring","C10","6","null","H6.sim.null"
"a1.c1","a1.c1",0.509332077702239,84.66,58,"black","Spring","C10","6","null","H6.sim.null"
"c2.b36","c2.b3",0.51888836893208,84.15,57,"pink","Spring","C10","6","null","H6.sim.null"
"d3.f16","d3.f1",0.519736357060492,83.63,56,"red","Spring","C10","6","null","H6.sim.null"
"d3.f36","d3.f3",0.530670972605286,83.11,55,"red","Spring","C10","6","null","H6.sim.null"
"c1.d16","c1.d1",0.533442591426132,82.58,54,"pink","Spring","C10","6","null","H6.sim.null"
"d3.d36","d3.d3",0.565066747241799,82.04,53,"red","Spring","C10","6","null","H6.sim.null"
"d3.b16","d3.b1",0.575098778099311,81.48,52,"red","Spring","C10","6","null","H6.sim.null"
"b3.c36","b3.c3",0.576860641128835,80.9,51,"pink","Spring","C10","6","null","H6.sim.null"
"b3.b36","b3.b3",0.579526443019581,80.33,50,"pink","Spring","C10","6","null","H6.sim.null"
"d2.c36","d2.c3",0.580903834323554,79.75,49,"red","Spring","C10","6","null","H6.sim.null"
"g1.g16","g1.g1",0.597660424791613,79.17,48,"green","Spring","C10","6","null","H6.sim.null"
"g1.d44","g1.d4",0.60453737008528,78.57,47,"red","Spring","C10","6","null","H6.sim.null"
"c1.b26","c1.b2",0.622393289670194,77.96,46,"pink","Spring","C10","6","null","H6.sim.null"
"b2.b26","b2.b2",0.623640217149705,77.34,45,"pink","Spring","C10","6","null","H6.sim.null"
"b2.c36","b2.c3",0.632457645223064,76.72,44,"pink","Spring","C10","6","null","H6.sim.null"
"b2.e26","b2.e2",0.712472833064947,76.09,43,"green","Spring","C10","6","null","H6.sim.null"
"a1.c2","a1.c2",0.740830321417031,75.37,42,"black","Spring","C10","6","null","H6.sim.null"
"d4.d46","d4.d4",0.746504002587202,74.63,41,"red","Spring","C10","6","null","H6.sim.null"
"d3.f26","d3.f2",0.752396120135239,73.89,40,"red","Spring","C10","6","null","H6.sim.null"
"a1.a16","a1.a1",0.76627387385626,73.13,39,"black","Spring","C10","6","null","H6.sim.null"
"a1.e1","a1.e1",0.768283063799907,72.37,38,"black","Spring","C10","6","null","H6.sim.null"
"b2.b36","b2.b3",0.784530986081956,71.6,37,"pink","Spring","C10","6","null","H6.sim.null"
"d2.f36","d2.f3",0.906425257422292,70.81,36,"red","Spring","C10","6","null","H6.sim.null"
"b1.c36","b1.c3",0.93413656588823,69.91,35,"pink","Spring","C10","6","null","H6.sim.null"
"a1.b16","a1.b1",0.97523743362763,68.97,34,"black","Spring","C10","6","null","H6.sim.null"
"d2.g36","d2.g3",1.00049086829952,68,33,"red","Spring","C10","6","null","H6.sim.null"
"a1.d12","a1.d1",1.00060588687088,67,32,"black","Spring","C10","6","null","H6.sim.null"
"b1.e16","b1.e1",1.00271771685369,66,31,"green","Spring","C10","6","null","H6.sim.null"
"g3.d24","g3.d2",1.02905594932602,64.99,30,"red","Spring","C10","6","null","H6.sim.null"
"b2.b16","b2.b1",1.03521871053763,63.97,29,"pink","Spring","C10","6","null","H6.sim.null"
"f3.g36","f3.g3",1.14736619841926,62.93,28,"green","Spring","C10","6","null","H6.sim.null"
"d1.f36","d1.f3",1.2076216147359,61.78,27,"red","Spring","C10","6","null","H6.sim.null"
"a1.d42","a1.d4",1.24753943866088,60.58,26,"black","Spring","C10","6","null","H6.sim.null"
"f3.f36","f3.f3",1.30552134326281,59.33,25,"green","Spring","C10","6","null","H6.sim.null"
"d4.g36","d4.g3",1.32286287902808,58.02,24,"red","Spring","C10","6","null","H6.sim.null"
"d2.f16","d2.f1",1.34667992538266,56.7,23,"red","Spring","C10","6","null","H6.sim.null"
"a1.e3","a1.e3",1.35614912474851,55.35,22,"black","Spring","C10","6","null","H6.sim.null"
"d2.f26","d2.f2",1.47260897858049,54,21,"red","Spring","C10","6","null","H6.sim.null"
"d1.f26","d1.f2",1.47872618119095,52.52,20,"red","Spring","C10","6","null","H6.sim.null"
"a1.e2","a1.e2",1.48705883792428,51.05,19,"black","Spring","C10","6","null","H6.sim.null"
"d1.f16","d1.f1",1.57651545908809,49.56,18,"red","Spring","C10","6","null","H6.sim.null"
"b1.b16","b1.b1",1.69015428835086,47.98,17,"pink","Spring","C10","6","null","H6.sim.null"
"f1.f16","f1.f1",1.74042416868159,46.29,16,"green","Spring","C10","6","null","H6.sim.null"
"g3.g36","g3.g3",1.86778485876937,44.55,15,"green","Spring","C10","6","null","H6.sim.null"
"d1.d16","d1.d1",1.89238159588166,42.68,14,"red","Spring","C10","6","null","H6.sim.null"
"e3.f36","e3.f3",1.93604877962233,40.79,13,"green","Spring","C10","6","null","H6.sim.null"
"f2.g36","f2.g3",2.23025008504543,38.85,12,"green","Spring","C10","6","null","H6.sim.null"
"f2.f26","f2.f2",2.40457529101853,36.62,11,"green","Spring","C10","6","null","H6.sim.null"
"d2.g16","d2.g1",2.4695592100174,34.22,10,"red","Spring","C10","6","null","H6.sim.null"
"f1.g36","f1.g3",2.67675927119184,31.75,9,"green","Spring","C10","6","null","H6.sim.null"
"e1.e16","e1.e1",2.72873303802503,29.07,8,"green","Spring","C10","6","null","H6.sim.null"
"e1.f16","e1.f1",2.81056684990162,26.35,7,"green","Spring","C10","6","null","H6.sim.null"
"e2.f26","e2.f2",2.94461979449864,23.53,6,"green","Spring","C10","6","null","H6.sim.null"
"e3.e36","e3.e3",3.14337845655978,20.59,5,"green","Spring","C10","6","null","H6.sim.null"
"d4.g16","d4.g1",3.35077690953261,17.45,4,"red","Spring","C10","6","null","H6.sim.null"
"g3.d44","g3.d4",4.01732491887783,14.1,3,"red","Spring","C10","6","null","H6.sim.null"
"e2.e26","e2.e2",4.23619879887492,10.08,2,"green","Spring","C10","6","null","H6.sim.null"
"f1.g16","f1.g1",5.84214899703372,5.84,1,"green","Spring","C10","6","null","H6.sim.null"
"d2.f37","d2.f3",0.371103860566,100,90,"red","Spring","C10","6","g1.d2d4","H6.sim.g1.d2d4"
"f2.g37","f2.g3",0.419083438577526,99.63,89,"green","Spring","C10","6","g1.d2d4","H6.sim.g1.d2d4"
"d3.f37","d3.f3",0.42469267133914,99.21,88,"red","Spring","C10","6","g1.d2d4","H6.sim.g1.d2d4"
"a3.b37","a3.b3",0.42637133998185,98.79,87,"black","Spring","C10","6","g1.d2d4","H6.sim.g1.d2d4"
"e3.f37","e3.f3",0.429249533344356,98.36,86,"green","Spring","C10","6","g1.d2d4","H6.sim.g1.d2d4"
"NCCspr.NCCspr7","NCCspr.NCCspr",0.450340876333501,97.93,85,"pink","Spring","C10","6","g1.d2d4","H6.sim.g1.d2d4"
"d1.f27","d1.f2",0.45487035095544,97.48,84,"red","Spring","C10","6","g1.d2d4","H6.sim.g1.d2d4"
"b2.b37","b2.b3",0.460544173936219,97.02,83,"pink","Spring","C10","6","g1.d2d4","H6.sim.g1.d2d4"
"c1.d37","c1.d3",0.469028126453603,96.56,82,"pink","Spring","C10","6","g1.d2d4","H6.sim.g1.d2d4"
"c1.f27","c1.f2",0.504258177075147,96.09,81,"pink","Spring","C10","6","g1.d2d4","H6.sim.g1.d2d4"
"a1.c11","a1.c1",0.504959518794685,95.59,80,"black","Spring","C10","6","g1.d2d4","H6.sim.g1.d2d4"
"a1.e21","a1.e2",0.546768039738131,95.09,79,"black","Spring","C10","6","g1.d2d4","H6.sim.g1.d2d4"
"a1.e31","a1.e3",0.549579163266643,94.54,78,"black","Spring","C10","6","g1.d2d4","H6.sim.g1.d2d4"
"e2.e27","e2.e2",0.55781717988076,93.99,77,"green","Spring","C10","6","g1.d2d4","H6.sim.g1.d2d4"
"c3.f37","c3.f3",0.563062198378365,93.43,76,"pink","Spring","C10","6","g1.d2d4","H6.sim.g1.d2d4"
"d3.f27","d3.f2",0.57364399570259,92.87,75,"red","Spring","C10","6","g1.d2d4","H6.sim.g1.d2d4"
"f2.f27","f2.f2",0.573939947815163,92.29,74,"green","Spring","C10","6","g1.d2d4","H6.sim.g1.d2d4"
"c2.b27","c2.b2",0.574214282153893,91.72,73,"pink","Spring","C10","6","g1.d2d4","H6.sim.g1.d2d4"
"c1.b27","c1.b2",0.585935528428271,91.15,72,"pink","Spring","C10","6","g1.d2d4","H6.sim.g1.d2d4"
"g3.g37","g3.g3",0.59503299584711,90.56,71,"green","Spring","C10","6","g1.d2d4","H6.sim.g1.d2d4"
"NCCspr.g17","NCCspr.g1",0.600913120471613,89.97,70,"pink","Spring","C10","6","g1.d2d4","H6.sim.g1.d2d4"
"NCCfall.NCCfall7","NCCfall.NCCfall",0.608551984632463,89.36,69,"pink","Spring","C10","6","g1.d2d4","H6.sim.g1.d2d4"
"b2.e27","b2.e2",0.613984133510456,88.76,68,"green","Spring","C10","6","g1.d2d4","H6.sim.g1.d2d4"
"c1.f17","c1.f1",0.615581663193318,88.14,67,"pink","Spring","C10","6","g1.d2d4","H6.sim.g1.d2d4"
"g1.g17","g1.g1",0.621425768374883,87.53,66,"green","Spring","C10","6","g1.d2d4","H6.sim.g1.d2d4"
"f1.g37","f1.g3",0.637641201513841,86.91,65,"green","Spring","C10","6","g1.d2d4","H6.sim.g1.d2d4"
"d2.f17","d2.f1",0.650974863678136,86.27,64,"red","Spring","C10","6","g1.d2d4","H6.sim.g1.d2d4"
"b3.e37","b3.e3",0.65194386637475,85.62,63,"green","Spring","C10","6","g1.d2d4","H6.sim.g1.d2d4"
"NCCfall.g37","NCCfall.g3",0.652022186781786,84.96,62,"pink","Spring","C10","6","g1.d2d4","H6.sim.g1.d2d4"
"c3.b17","c3.b1",0.670501072797618,84.31,61,"pink","Spring","C10","6","g1.d2d4","H6.sim.g1.d2d4"
"f3.f37","f3.f3",0.68483298210493,83.64,60,"green","Spring","C10","6","g1.d2d4","H6.sim.g1.d2d4"
"c1.d27","c1.d2",0.715121573611603,82.96,59,"pink","Spring","C10","6","g1.d2d4","H6.sim.g1.d2d4"
"c3.b37","c3.b3",0.716699330051391,82.24,58,"pink","Spring","C10","6","g1.d2d4","H6.sim.g1.d2d4"
"e2.f27","e2.f2",0.721201088646598,81.53,57,"green","Spring","C10","6","g1.d2d4","H6.sim.g1.d2d4"
"a3.a37","a3.a3",0.737186387836801,80.8,56,"black","Spring","C10","6","g1.d2d4","H6.sim.g1.d2d4"
"d2.c17","d2.c1",0.773597584092755,80.07,55,"red","Spring","C10","6","g1.d2d4","H6.sim.g1.d2d4"
"c1.b37","c1.b3",0.79455133682242,79.29,54,"pink","Spring","C10","6","g1.d2d4","H6.sim.g1.d2d4"
"b2.b17","b2.b1",0.82931245040285,78.5,53,"pink","Spring","C10","6","g1.d2d4","H6.sim.g1.d2d4"
"e3.e37","e3.e3",0.846062136211824,77.67,52,"green","Spring","C10","6","g1.d2d4","H6.sim.g1.d2d4"
"b2.c17","b2.c1",0.847042762412549,76.82,51,"pink","Spring","C10","6","g1.d2d4","H6.sim.g1.d2d4"
"f3.g37","f3.g3",0.873955222031044,75.98,50,"green","Spring","C10","6","g1.d2d4","H6.sim.g1.d2d4"
"c2.b37","c2.b3",0.882049025993098,75.1,49,"pink","Spring","C10","6","g1.d2d4","H6.sim.g1.d2d4"
"a1.b17","a1.b1",0.901647052059114,74.22,48,"black","Spring","C10","6","g1.d2d4","H6.sim.g1.d2d4"
"b1.e17","b1.e1",0.901759382780993,73.32,47,"green","Spring","C10","6","g1.d2d4","H6.sim.g1.d2d4"
"c1.d17","c1.d1",0.906193482002919,72.42,46,"pink","Spring","C10","6","g1.d2d4","H6.sim.g1.d2d4"
"d1.f37","d1.f3",0.925313391578665,71.51,45,"red","Spring","C10","6","g1.d2d4","H6.sim.g1.d2d4"
"b3.c37","b3.c3",0.93293021835573,70.59,44,"pink","Spring","C10","6","g1.d2d4","H6.sim.g1.d2d4"
"c3.d37","c3.d3",0.957158084335575,69.65,43,"pink","Spring","C10","6","g1.d2d4","H6.sim.g1.d2d4"
"d3.c17","d3.c1",1.02260012141037,68.7,42,"red","Spring","C10","6","g1.d2d4","H6.sim.g1.d2d4"
"b1.d37","b1.d3",1.02296676091958,67.67,41,"pink","Spring","C10","6","g1.d2d4","H6.sim.g1.d2d4"
"c1.c17","c1.c1",1.03009593980855,66.65,40,"pink","Spring","C10","6","g1.d2d4","H6.sim.g1.d2d4"
"d2.f27","d2.f2",1.03723134792629,65.62,39,"red","Spring","C10","6","g1.d2d4","H6.sim.g1.d2d4"
"d2.g37","d2.g3",1.04534218108306,64.58,38,"red","Spring","C10","6","g1.d2d4","H6.sim.g1.d2d4"
"a1.d13","a1.d1",1.04629742859413,63.54,37,"black","Spring","C10","6","g1.d2d4","H6.sim.g1.d2d4"
"d4.g37","d4.g3",1.06308850177585,62.49,36,"red","Spring","C10","6","g1.d2d4","H6.sim.g1.d2d4"
"d1.c17","d1.c1",1.08095281996033,61.43,35,"red","Spring","C10","6","g1.d2d4","H6.sim.g1.d2d4"
"a1.a17","a1.a1",1.08351055457797,60.35,34,"black","Spring","C10","6","g1.d2d4","H6.sim.g1.d2d4"
"b3.b37","b3.b3",1.08476457339033,59.26,33,"pink","Spring","C10","6","g1.d2d4","H6.sim.g1.d2d4"
"f1.g17","f1.g1",1.09180752357866,58.18,32,"green","Spring","C10","6","g1.d2d4","H6.sim.g1.d2d4"
"d2.c37","d2.c3",1.12652568336965,57.09,31,"red","Spring","C10","6","g1.d2d4","H6.sim.g1.d2d4"
"a1.d33","a1.d3",1.13313907640401,55.96,30,"black","Spring","C10","6","g1.d2d4","H6.sim.g1.d2d4"
"d3.b17","d3.b1",1.17115973206446,54.83,29,"red","Spring","C10","6","g1.d2d4","H6.sim.g1.d2d4"
"d1.d17","d1.d1",1.27292263526839,53.66,28,"red","Spring","C10","6","g1.d2d4","H6.sim.g1.d2d4"
"c3.b27","c3.b2",1.29623120840123,52.38,27,"pink","Spring","C10","6","g1.d2d4","H6.sim.g1.d2d4"
"d2.g17","d2.g1",1.29738034832376,51.09,26,"red","Spring","C10","6","g1.d2d4","H6.sim.g1.d2d4"
"d3.c37","d3.c3",1.35650730021791,49.79,25,"red","Spring","C10","6","g1.d2d4","H6.sim.g1.d2d4"
"b1.c37","b1.c3",1.39456501828921,48.43,24,"pink","Spring","C10","6","g1.d2d4","H6.sim.g1.d2d4"
"a1.c31","a1.c3",1.4321857961952,47.04,23,"black","Spring","C10","6","g1.d2d4","H6.sim.g1.d2d4"
"a1.e11","a1.e1",1.45902462803664,45.61,22,"black","Spring","C10","6","g1.d2d4","H6.sim.g1.d2d4"
"f1.f17","f1.f1",1.46760672283943,44.15,21,"green","Spring","C10","6","g1.d2d4","H6.sim.g1.d2d4"
"d4.g17","d4.g1",1.58336947122449,42.68,20,"red","Spring","C10","6","g1.d2d4","H6.sim.g1.d2d4"
"b1.b17","b1.b1",1.59432578373808,41.1,19,"pink","Spring","C10","6","g1.d2d4","H6.sim.g1.d2d4"
"a1.d43","a1.d4",1.6065937275208,39.5,18,"black","Spring","C10","6","g1.d2d4","H6.sim.g1.d2d4"
"b2.b27","b2.b2",1.76618627205839,37.9,17,"pink","Spring","C10","6","g1.d2d4","H6.sim.g1.d2d4"
"b2.c27","b2.c2",1.91035540120757,36.13,16,"pink","Spring","C10","6","g1.d2d4","H6.sim.g1.d2d4"
"b2.c37","b2.c3",1.92716681991712,34.22,15,"pink","Spring","C10","6","g1.d2d4","H6.sim.g1.d2d4"
"e1.e17","e1.e1",2.0273080001018,32.29,14,"green","Spring","C10","6","g1.d2d4","H6.sim.g1.d2d4"
"d1.f17","d1.f1",2.1138699677399,30.26,13,"red","Spring","C10","6","g1.d2d4","H6.sim.g1.d2d4"
"b3.c27","b3.c2",2.11896426143415,28.15,12,"pink","Spring","C10","6","g1.d2d4","H6.sim.g1.d2d4"
"d2.d27","d2.d2",2.13102450161241,26.03,11,"red","Spring","C10","6","g1.d2d4","H6.sim.g1.d2d4"
"d3.f17","d3.f1",2.19498942787022,23.9,10,"red","Spring","C10","6","g1.d2d4","H6.sim.g1.d2d4"
"e1.f17","e1.f1",2.22699362359288,21.71,9,"green","Spring","C10","6","g1.d2d4","H6.sim.g1.d2d4"
"d3.d37","d3.d3",2.27011653938196,19.48,8,"red","Spring","C10","6","g1.d2d4","H6.sim.g1.d2d4"
"a1.b27","a1.b2",2.29158348408553,17.21,7,"black","Spring","C10","6","g1.d2d4","H6.sim.g1.d2d4"
"c3.c37","c3.c3",2.33414103300382,14.92,6,"pink","Spring","C10","6","g1.d2d4","H6.sim.g1.d2d4"
"d4.d47","d4.d4",2.35469614469212,12.58,5,"red","Spring","C10","6","g1.d2d4","H6.sim.g1.d2d4"
"c2.c27","c2.c2",2.39334639504174,10.23,4,"pink","Spring","C10","6","g1.d2d4","H6.sim.g1.d2d4"
"c3.d27","c3.d2",2.42984896515061,7.83,3,"pink","Spring","C10","6","g1.d2d4","H6.sim.g1.d2d4"
"a1.d23","a1.d2",2.54442403651473,5.4,2,"black","Spring","C10","6","g1.d2d4","H6.sim.g1.d2d4"
"a1.c21","a1.c2",2.86014149044858,2.86,1,"black","Spring","C10","6","g1.d2d4","H6.sim.g1.d2d4"
